{
  "id": "102019a1d99a4037146b16af84ff2a73dfe",
  "version": "102019a1dbcbce7723a8fcbc902bf548690",
  "schema": {
    "name": "declarative_statement",
    "description": "Stores user statements that require verification.",
    "fields": [
      {
        "name": "id",
        "description": "Unique identifier for each data of this entity.",
        "type": 1,
        "compliance": {
          "confidentiality": 2,
          "reason": "Internal system identifier."
        }
      },
      {
        "name": "data_creator",
        "description": "id of the user who creates the record",
        "type": 1,
        "compliance": {
          "confidentiality": 2,
          "reason": "Internal audit trail."
        }
      },
      {
        "name": "data_updater",
        "description": "id of the user who updates the record",
        "type": 1,
        "compliance": {
          "confidentiality": 2,
          "reason": "Internal audit trail."
        }
      },
      {
        "name": "create_time",
        "description": "create time in timestamp unix",
        "type": 1,
        "compliance": {
          "confidentiality": 2,
          "reason": "Internal audit trail."
        },
        "format": "timestamp"
      },
      {
        "name": "update_time",
        "description": "update time in timestamp unix",
        "type": 1,
        "compliance": {
          "confidentiality": 2,
          "reason": "Internal audit trail."
        },
        "format": "timestamp"
      },
      {
        "name": "user_session_id",
        "description": "The ID of the user session this statement belongs to.",
        "type": 1,
        "compliance": {
          "confidentiality": 2,
          "reason": "Links to the parent user session."
        }
      },
      {
        "name": "speaker_id",
        "description": "Identifier of the user who made the statement.",
        "type": 1,
        "compliance": {
          "confidentiality": 3,
          "reason": "Contains user identifying information."
        }
      },
      {
        "name": "original_transcription",
        "description": "The original text of the user's statement for verification.",
        "type": 1,
        "compliance": {
          "confidentiality": 3,
          "reason": "Contains user-generated content which could be sensitive."
        }
      },
      {
        "name": "statement_timestamp",
        "description": "The timestamp unix when the statement was made.",
        "type": 1,
        "compliance": {
          "confidentiality": 2,
          "reason": "Metadata for the statement."
        },
        "format": "timestamp"
      },
      {
        "name": "statement_type",
        "description": "The type of statement (declarative, opinion, question).",
        "type": 100,
        "compliance": {
          "confidentiality": 2,
          "reason": "Internal classification for processing."
        },
        "enumeration": [
          {
            "value": "Unspecified"
          },
          {
            "number": 1,
            "value": "Declarative"
          },
          {
            "number": 2,
            "value": "Opinion"
          },
          {
            "number": 3,
            "value": "Question"
          }
        ]
      },
      {
        "name": "verification_status",
        "description": "The current verification status of the statement.",
        "type": 100,
        "compliance": {
          "confidentiality": 2,
          "reason": "Internal system state for verification workflow."
        },
        "enumeration": [
          {
            "value": "Unspecified"
          },
          {
            "number": 1,
            "value": "Pending"
          },
          {
            "number": 2,
            "value": "InProgress"
          },
          {
            "number": 3,
            "value": "VerifiedTrue"
          },
          {
            "number": 4,
            "value": "VerifiedFalse"
          },
          {
            "number": 5,
            "value": "Inconclusive"
          },
          {
            "number": 6,
            "value": "Error"
          }
        ]
      }
    ],
    "indexes": [
      {
        "fields": [
          "id"
        ],
        "unique": true,
        "primary": true,
        "order": false
      },
      {
        "fields": [
          "data_creator"
        ],
        "order": false
      },
      {
        "fields": [
          "data_updater"
        ],
        "order": false
      },
      {
        "fields": [
          "user_session_id"
        ],
        "order": false
      },
      {
        "fields": [
          "speaker_id"
        ],
        "order": false
      },
      {
        "fields": [
          "verification_status"
        ],
        "order": false
      }
    ],
    "relations": [
      {
        "referencing_fields": [
          "user_session_id"
        ],
        "referenced_entity": {
          "name": "user_session"
        },
        "referenced_fields": [
          "id"
        ],
        "cascade": true
      }
    ]
  },
  "task": {
    "id": "68fd5f5b822475ee4330a749",
    "root": "68fd5593b7797f696b910611",
    "project": "68fd5593b7797f696b910610",
    "user": "e89193f0-b031-7012-f7de-64a7fa63cd2f"
  },
  "namespace": {
    "id": "01987547fc6c72ecb453bd2736bd4ea0",
    "tenant": 2,
    "name": "global-1",
    "default": true
  },
  "revision": 1
}